first_name,last_name,age,gender,email,ip_address
Marilyn,Steele,8,male,Marily.STEELE2213@live.com,36.34.4.80
Laney,Lane,28,female,Lan.LAN8174@mail2web.com,112.225.201.168
Keon,Barnes,62,male,Keo.BARNE4062@live.com,145.105.55.6
Karlee,Stone,37,female,Kar.STONE1817@gmail.com,69.102.13.83
Kelvin,Hardy,21,female,Kel.HARDY6682@mail2web.com,50.114.59.247
Flynn,Rodriguez,7,male,Flyn.RODRI9534@gmail.com,118.222.36.133
Madyson,Harvey,24,female,Mad.HAR5297@yahoo.com,153.20.156.66
Nataly,Peters,58,female,Nata.PETER4601@hushmail.com,71.134.133.254
Freddy,Whitley,7,female,Fred.WHITL8382@hushmail.com,194.36.232.68
Bradley,Livingston,32,male,Brad.LIVIN8825@yahoo.com,182.68.217.68
Avery,Knapp,70,female,Avery.KNAP6836@mail2web.com,16.49.175.236
Reuben,Moss,11,male,Reu.MO3673@hushmail.com,7.57.248.203
Easton,Gonzales,31,female,East.GONZALE3984@yahoo.com,155.101.89.167
Samuel,Lang,16,female,Sam.LA6058@live.com,86.158.194.117
Paloma,Gay,63,female,Palom.GAY2399@yahoo.com,63.231.215.27
Cindy,Snow,5,female,Cind.SNOW4647@gmail.com,30.188.251.148
Armando,Rhodes,20,female,Arman.RHO6374@live.com,69.99.79.125
Harold,Mueller,33,female,Harol.MUE4674@mail2web.com,5.157.79.42
Collin,Washington,81,female,Col.WASHINGTO5121@live.com,173.75.212.99
Brooklyn,Williamson,24,female,Brooklyn.WILLIAMS8733@mail2web.com,115.186.77.244
Abram,Austin,20,male,Abra.AUSTIN1649@live.com,205.11.212.64
Amiyah,Hayes,32,female,Amiy.HAYE5327@live.com,180.108.138.166
Alessandra,Harmon,69,male,Alessandr.HARMON6474@yahoo.com,170.99.177.107
Cesar,Pugh,48,male,Ce.PUG7750@yahoo.com,89.242.139.140
Elsie,Maxwell,25,female,El.MAXWELL8055@live.com,25.182.29.77
Celia,Guthrie,79,male,Ce.GUTHR7033@mail2web.com,87.142.79.65
Jayce,Pace,10,female,Jayc.PAC7259@gmail.com,65.64.105.66
Bruce,Ware,83,female,Bruce.WAR2344@live.com,86.0.6.222
Miguel,Conner,3,male,Migu.CONNER6024@hushmail.com,176.209.223.115
Genesis,Dunn,16,male,Genesi.DUNN8694@yahoo.com,166.175.112.96
Carl,Larson,39,female,Car.LARSO7957@mail2web.com,61.109.178.240
Tripp,Stanton,73,male,Tri.STANT6161@hushmail.com,38.144.153.160
Jonas,Guy,19,female,Jo.GUY3615@hushmail.com,67.196.133.155
Cora,Cooper,70,male,Cora.COOPE1276@gmail.com,15.4.251.157
Izaiah,Bray,56,male,Iza.BR6233@hushmail.com,139.56.14.58
Aditya,Marks,58,female,Adit.MAR2579@yahoo.com,43.8.169.135
Denise,Glass,39,female,Denise.GL3756@live.com,129.103.153.197
Miguel,Lewis,73,female,Mig.LEWI5054@mail2web.com,83.149.186.240
Alexia,Ewing,63,male,Alex.EWING9852@gmail.com,22.135.186.213
Henry,Bailey,51,female,He.BAI2069@hushmail.com,5.253.166.204
Anaya,Gay,74,female,An.GAY9106@hushmail.com,120.120.135.243
Clinton,Bruce,25,male,Clinto.BRU2118@yahoo.com,186.242.250.129
Frank,Burke,67,female,Fra.BU6623@mail2web.com,166.102.37.143
Zuri,Skinner,28,male,Zu.SKINN5338@mail2web.com,170.135.114.38
Ben,Bartlett,1,female,B.BARTLET9294@gmail.com,103.246.203.117
Jaxon,David,23,female,Jax.DAVID1216@live.com,216.124.120.195
Fernando,Kent,25,male,Fernando.KE2463@mail2web.com,31.10.223.27
Conor,Banks,73,female,Con.BANKS2504@mail2web.com,173.161.125.197
Nathaniel,Wyatt,58,male,Nathan.WY3742@live.com,149.91.97.3
Grayson,Castro,50,female,Grayso.CASTRO3054@mail2web.com,175.172.79.243
Mira,Hansen,30,female,Mir.HANSE1097@gmail.com,91.76.30.157
Saniyah,Gregory,63,male,Sani.GRE8109@yahoo.com,177.134.122.124
Natalie,Little,38,female,Natalie.LITT8795@live.com,42.192.169.88
Zayne,Sullivan,17,female,Zayn.SULL1189@hushmail.com,128.231.59.189
Tyree,Goff,11,male,Tyr.GOFF2300@yahoo.com,120.58.250.182
Arthur,Buck,58,female,Art.BU9998@gmail.com,140.127.207.208
Fisher,Mack,2,male,Fis.MAC5772@yahoo.com,4.245.86.155
Rudy,Carney,58,female,Ru.CARN9505@hushmail.com,11.185.40.52
Melvin,May,47,male,Melvin.MAY7573@live.com,149.119.250.114
Holden,Maynard,79,male,Holde.MAYNA9347@gmail.com,8.222.83.161
Emerson,Valentine,54,female,Emerson.VALENTI7809@live.com,89.128.99.148
Roselyn,Lang,2,male,Rosely.LANG4344@yahoo.com,218.90.95.145
Avah,Gonzalez,12,male,Av.GONZALE7235@mail2web.com,33.197.75.94
Gia,Pena,11,female,Gia.PE8107@gmail.com,155.4.202.77
Emery,Anderson,69,male,Em.ANDE7303@yahoo.com,120.195.241.173
Kael,Wade,39,female,Kae.WA8843@live.com,143.49.219.11
Yehuda,Russo,14,male,Yeh.RU5083@live.com,101.116.161.255
Alannah,Preston,26,female,Alanna.PREST7491@mail2web.com,93.81.139.34
Charli,Cobb,20,female,Charli.COB3748@mail2web.com,206.27.242.104
Jaycee,Herman,81,female,Jayce.HERM6455@mail2web.com,43.204.142.87
Laura,Vega,15,male,Laur.VEGA3958@yahoo.com,190.124.3.76
Rylee,Fuller,37,female,Ry.FULLE1617@mail2web.com,78.116.247.99
Renee,Stewart,3,male,Ren.STEW4922@mail2web.com,99.106.216.215
Macie,Mcknight,43,male,Mac.MCKNIG5196@hushmail.com,216.80.61.126
Ashley,Padilla,84,male,Ashl.PAD4260@mail2web.com,95.15.185.44
River,Brooks,84,male,River.BRO9990@gmail.com,202.68.84.236
Porter,Doyle,82,female,Por.DOYLE8588@yahoo.com,110.171.80.6
Quinn,Nieves,53,male,Quin.NIEVE9920@mail2web.com,84.22.165.97
Axel,Levine,55,female,Ax.LEVIN6605@yahoo.com,194.14.159.225
Stacy,Perry,13,male,St.PE4770@hushmail.com,113.94.150.215
Reyna,Koch,69,female,Reyna.KOC3305@yahoo.com,114.14.43.134
Waylon,Mitchell,43,male,Wayl.MITCH7431@yahoo.com,9.153.154.204
Sloan,Heath,18,female,Sloa.HEAT1109@mail2web.com,191.137.26.68
Haylee,Gamble,63,male,Haylee.GAMBLE9552@hushmail.com,125.121.161.90
Allyson,Estrada,51,male,All.ESTRA9942@yahoo.com,56.37.40.225
Ember,Harrell,34,female,Ember.HAR6516@mail2web.com,57.103.197.184
Bristol,Clark,17,male,Bris.CL5319@gmail.com,140.116.2.237
Alivia,Hodges,20,female,Aliv.HODG3575@mail2web.com,99.196.231.134
Keenan,Park,30,female,Keena.PARK2481@hushmail.com,182.66.156.241
Zuri,Conner,54,female,Zur.CONNE2057@live.com,117.112.3.61
Maverick,Goodman,42,male,Maveri.GOODMA9921@mail2web.com,23.140.122.216
Gunnar,Stark,10,female,Gun.STA1352@gmail.com,215.127.27.163
Kymani,Mcfarland,42,female,Kyma.MCFA9466@mail2web.com,183.210.177.97
Mustafa,Henry,68,female,Mustafa.HENR9805@live.com,189.74.61.152
Davin,Calderon,52,male,Davin.CALDER8438@live.com,16.31.7.119
Markus,Pickett,41,male,Marku.PICKET3382@hushmail.com,211.174.82.65
Jolie,Lancaster,8,female,Jol.LANCASTE2057@gmail.com,142.177.86.33
Dahlia,Porter,66,male,Dahlia.PORTER8832@yahoo.com,42.15.147.230
Andres,Owens,78,female,Andr.OWEN8421@gmail.com,124.166.183.123
Rohan,Ball,70,male,Roha.BAL1432@yahoo.com,150.10.204.242
Orlando,Brock,64,male,Orlan.BROC3720@live.com,33.217.27.75
Ray,Dillard,11,male,Ray.DILLA6637@yahoo.com,68.83.42.74
Tatum,Mitchell,19,female,Tatu.MITC3166@live.com,109.195.75.199
Zoe,Fisher,82,male,Zoe.FISHE5329@yahoo.com,9.151.233.205
August,Lara,42,male,Augu.LARA5918@yahoo.com,171.119.176.11
Bruno,Baldwin,14,female,Br.BAL9677@yahoo.com,141.9.113.254
Steve,Campbell,51,male,St.CAMPBE8899@gmail.com,57.251.247.195
Uriah,Cash,55,male,Ur.CA5952@gmail.com,84.173.251.253
Catalina,Snow,23,female,Catali.SN1114@live.com,145.201.1.68
Korbin,Owen,65,male,Korbin.OWE5021@gmail.com,208.126.155.253
Caydence,Horton,32,female,Cayd.HORT6277@live.com,136.205.151.86
Lara,Ayala,16,male,Lar.AYALA3129@gmail.com,72.37.215.250
Judah,Alston,55,female,Judah.ALST1501@yahoo.com,93.72.235.77
Vincenzo,Berry,68,female,Vincen.BER5764@hushmail.com,151.123.100.225
Carlee,Pruitt,75,female,Car.PRU1753@gmail.com,182.79.66.202
Maliyah,Mcgowan,7,female,Maliyah.MCGO9499@gmail.com,50.218.233.127
Geraldine,Walter,65,male,Geraldi.WALT5808@hushmail.com,81.238.62.226
Meadow,Strong,9,female,Meadow.STRONG4344@gmail.com,174.170.148.103
Dakota,Gillespie,64,female,Dakot.GILLESPIE3154@mail2web.com,28.214.232.43
Mohammad,Arnold,85,female,Mohamma.ARNOLD1632@mail2web.com,53.119.205.75
Elaina,Sawyer,40,male,Elai.SAWY2861@hushmail.com,12.109.193.165
Quinn,Coffey,12,female,Qui.COFFEY6634@mail2web.com,21.130.145.29
Saniyah,Nelson,6,male,Saniya.NELSON5368@hushmail.com,5.48.206.165
Hamza,Mcpherson,64,female,Ham.MCPHERS3239@live.com,45.101.252.130
Paola,Goodman,26,female,Pa.GOODMAN7953@hushmail.com,56.155.100.225
Darian,Rodriguez,77,female,Dari.RODRIGU9220@hushmail.com,133.143.57.35
Israel,Duncan,52,female,Isr.DUN4859@gmail.com,151.96.186.25
Alyson,Moore,73,male,Alyso.MO7385@hushmail.com,66.195.123.218
Drake,Logan,14,female,Drake.LOG3585@gmail.com,74.25.58.231
Evelyn,Clay,19,male,Evelyn.CL5390@mail2web.com,83.140.230.37
Alyvia,Whitaker,63,female,Alyvi.WHIT1429@hushmail.com,201.152.24.160
Bo,Sanchez,24,female,B.SANC7567@yahoo.com,30.200.183.42
Alyvia,Kidd,27,male,Alyv.KIDD2092@live.com,196.33.82.198
Paula,Black,48,female,Pau.BLA9339@yahoo.com,62.153.120.113
Skylar,Bailey,17,male,Skylar.BAILEY7996@hushmail.com,9.232.116.117
Kamila,Collier,61,male,Kam.COLLIER4367@mail2web.com,118.219.93.183
Kaeden,Campbell,18,female,Kaed.CAMPBEL5528@mail2web.com,154.136.238.157
Olive,Martinez,70,male,Oli.MARTINEZ4645@live.com,95.12.241.236
Lacey,Burris,16,female,Lacey.BURR9452@gmail.com,170.2.183.184
Jayden,Hendrix,77,female,Jay.HENDRI6330@gmail.com,180.223.217.220
Lilith,Douglas,32,male,Lilith.DOUG5931@gmail.com,180.49.26.155
Casey,Sampson,49,female,Case.SAMPSON1989@live.com,154.243.213.20
Aydan,Gill,82,male,Ay.GI6191@hushmail.com,148.53.84.208
Philip,Horton,43,male,Phil.HORTO2169@hushmail.com,41.58.153.185
Ingrid,Short,21,female,Ing.SHORT4728@gmail.com,105.118.125.69
Keira,Barry,16,male,Ke.BARR8597@hushmail.com,175.142.107.83
Leigha,Browning,51,female,Leigha.BROWN1501@live.com,138.88.250.202
Lena,Larson,38,female,Le.LAR3766@mail2web.com,46.190.190.202
Bruno,Daugherty,26,male,Bru.DAUGHERT6600@yahoo.com,129.234.52.54
Caleb,Stanton,21,female,Ca.STA8233@gmail.com,5.154.142.171
Vincenzo,Richardson,30,female,Vince.RICHAR1012@mail2web.com,147.245.77.200
Briella,Bush,30,female,Briell.BUSH4124@live.com,195.233.154.240
Keagan,Warren,28,female,Keagan.WARREN7321@gmail.com,130.112.90.174
Lennox,Oneil,81,female,Lenn.ONEI1874@yahoo.com,102.50.234.29
Belen,Chandler,73,male,Bel.CHAN5149@yahoo.com,161.34.42.32
Kendal,Vance,2,male,Kenda.VANCE5628@hushmail.com,120.209.91.104
Cara,Livingston,4,female,Cara.LIVINGS9692@hushmail.com,73.155.96.173
Drake,Stafford,31,male,Dr.STAFF9901@gmail.com,162.107.88.228
Cali,Richard,11,female,Ca.RICHAR6721@hushmail.com,40.62.180.147
Sierra,Butler,66,male,Sierr.BUTLER1834@yahoo.com,202.222.52.119
Devin,Guerrero,44,male,Devi.GUERR7942@live.com,32.196.105.159
Liv,Rosa,9,male,Li.ROSA8303@live.com,109.239.154.78
Terry,Shelton,35,female,Terr.SHELTON4741@gmail.com,64.192.67.4
Corinne,Reeves,72,female,Cor.REEVE9204@hushmail.com,50.187.255.191
Braylen,Mcbride,70,female,Braylen.MCBRID4422@gmail.com,140.252.31.11
Logan,Sharpe,38,female,Logan.SHAR4522@yahoo.com,32.141.39.81
London,Webster,58,female,Londo.WEBSTER9705@live.com,197.2.200.70
Matteo,Williams,37,male,Matteo.WILLIAMS4580@hushmail.com,42.215.168.252
Chloe,Blackwell,81,male,Ch.BLACKWEL7758@hushmail.com,38.3.213.112
Caroline,Burris,35,female,Carolin.BUR5955@mail2web.com,153.105.81.69
Jonah,Schroeder,3,male,Jo.SCHROEDER8376@gmail.com,31.223.119.7
Nickolas,Silva,84,female,Nickola.SI5783@mail2web.com,69.169.114.52
Caitlin,Valenzuela,16,male,Caitli.VALENZU8296@gmail.com,55.194.249.7
Malachi,Barton,57,female,Mal.BARTON7206@hushmail.com,208.147.168.184
Simon,Odonnell,66,female,Simon.ODON3098@mail2web.com,141.74.215.23
Kenna,Hampton,26,male,Ken.HAM3884@gmail.com,156.127.104.85
Kaelynn,Harrington,62,male,Kaelyn.HARRINGTON2206@yahoo.com,205.124.173.98
Moises,Perkins,82,female,Mois.PERKIN1850@live.com,107.37.176.251
Edgar,Weiss,83,male,Ed.WEISS9728@gmail.com,144.28.9.47
Romeo,Roberson,60,female,Romeo.ROBERS3919@yahoo.com,74.152.98.210
Peyton,Atkinson,82,male,Pey.ATKINS6412@yahoo.com,119.230.88.35
Jeremiah,Garza,52,female,Jerem.GARZ5785@yahoo.com,185.178.187.29
Alaya,Gallegos,49,male,Alay.GALL1008@gmail.com,19.161.187.151
Austin,Cameron,35,female,Aust.CAM6392@yahoo.com,181.159.30.163
Avery,Hodges,3,female,Av.HODGES3599@mail2web.com,181.76.145.253
Hamza,Love,77,male,Hamz.LO3528@yahoo.com,142.149.125.159
Katelynn,Mckinney,61,female,Kate.MCKINN1414@mail2web.com,30.174.196.234
Ibrahim,Brady,5,female,Ibrahim.BRAD5875@gmail.com,183.54.227.67
Bodhi,Warner,50,female,Bodh.WARNE4922@hushmail.com,49.123.52.58
Fatima,Huffman,61,female,Fatima.HUFFMAN9257@live.com,179.218.242.112
Caleb,Roach,80,female,Cale.ROACH1705@live.com,221.145.125.39
Sofia,Preston,24,male,Sof.PREST1075@live.com,161.238.75.225
Wayne,Hansen,65,female,Wa.HANS7749@gmail.com,8.120.147.130
Annabell,Anthony,2,female,Annabe.ANTHON4669@yahoo.com,2.223.110.147
Kamryn,Valdez,74,male,Kamryn.VALDE3995@live.com,140.127.181.59
Zariyah,Potter,62,female,Zariy.POT9760@mail2web.com,36.65.127.31
Julien,Carson,71,male,Juli.CARSON9289@yahoo.com,27.81.172.179
Nathanael,Mathews,49,female,Nathan.MATHEW2275@mail2web.com,138.101.228.149
Nancy,Weber,33,male,Nan.WEBE3864@gmail.com,131.187.194.58
Juniper,Acosta,79,male,Junip.ACOS5776@gmail.com,80.130.47.183
Yadiel,Pittman,34,female,Yadie.PITT8856@hushmail.com,24.121.110.176
Keegan,Skinner,21,male,Keeg.SKINNE3889@yahoo.com,151.59.114.43
Trevor,Blevins,46,male,Trevo.BLE8858@mail2web.com,191.141.210.210
Brody,Potts,28,male,Bro.PO3122@hushmail.com,107.209.10.54
Makayla,Floyd,18,male,Makayla.FLOYD2798@hushmail.com,30.41.55.52
Muhammad,Mooney,70,male,Muhamm.MOON9181@yahoo.com,21.148.182.19
Patricia,Bartlett,18,male,Patr.BARTLET6493@yahoo.com,120.77.0.228
Emerson,Ford,5,male,Emerso.FOR9595@hushmail.com,134.121.37.128
Raegan,Farley,58,male,Raega.FAR9924@mail2web.com,128.81.138.32
George,Savage,8,male,Georg.SAVA4529@mail2web.com,96.41.175.165
Brady,Moss,79,male,Br.MOSS7444@hushmail.com,88.22.215.10
Joe,Ramos,36,female,Joe.RA7074@yahoo.com,3.231.162.174
Zaria,Bright,48,female,Za.BRIGHT8316@mail2web.com,223.162.97.30
Viviana,Mcconnell,23,female,Vivi.MCCONNEL4549@gmail.com,153.194.200.226
Juliette,George,44,male,Juli.GEO7717@mail2web.com,176.198.36.221
Renee,Watts,36,female,Ren.WAT9642@gmail.com,121.196.125.15
Anahi,Berg,50,male,An.BER1790@hushmail.com,58.156.157.108
Brent,Golden,38,male,Bren.GOLD9987@gmail.com,196.252.196.107
Kylee,Floyd,72,female,Kyl.FLOYD5723@live.com,43.182.88.177
Elisa,Garcia,27,male,El.GARCIA2424@mail2web.com,117.144.224.229
Nahla,Williams,38,male,Nahl.WILLIAM4666@live.com,156.134.10.235
Graham,Galloway,17,female,Graha.GALL9581@gmail.com,96.114.196.20
Alia,Goodman,32,female,Alia.GOO8397@mail2web.com,31.108.120.41
Chase,Valenzuela,15,male,Ch.VALENZUE3281@hushmail.com,132.154.137.177
Jaden,Kerr,52,female,Jade.KERR6379@mail2web.com,76.176.176.89
Mara,Hoffman,24,male,Ma.HOFF2965@gmail.com,25.145.53.163
Ty,Collins,62,male,Ty.COLLIN8251@gmail.com,86.210.230.7
Kason,Gilmore,23,female,Kas.GILMOR9899@mail2web.com,33.92.49.100
Saniyah,Levine,47,female,San.LEVIN4864@mail2web.com,184.180.11.43
Marissa,Fowler,30,female,Mar.FOW5025@yahoo.com,154.230.234.119
Odin,Merritt,18,male,Od.MERRI3327@yahoo.com,128.97.255.108
Kimber,Butler,11,male,Kimbe.BUTLER9465@mail2web.com,83.134.239.223
Zariyah,Willis,29,male,Zariya.WILLI6834@gmail.com,24.23.103.27
Maci,Lawrence,38,male,Maci.LAWRE9248@gmail.com,57.102.169.220
Eduardo,Hoffman,11,female,Eduardo.HOFFM9167@live.com,49.119.24.241
Reed,Harmon,46,female,Re.HAR8927@yahoo.com,130.244.147.203
Anders,Jimenez,2,female,Ande.JIMENEZ9865@mail2web.com,99.98.228.158
Reyna,Clements,71,female,Reyn.CLEMENT4376@hushmail.com,52.184.230.248
Karlee,Horne,3,male,Karle.HOR5864@mail2web.com,42.97.241.137
Reuben,Burke,25,male,Reuben.BURK9380@mail2web.com,35.245.203.93
Nehemiah,Hicks,63,male,Nehe.HICKS2987@hushmail.com,19.76.106.107
Jessie,Ochoa,22,female,Jessi.OCHO1673@mail2web.com,130.4.190.248
Derrick,Guerrero,56,female,Derri.GUERRER4942@live.com,130.142.155.68
Hadassah,Duncan,50,female,Hadassa.DUNCAN3352@mail2web.com,52.190.106.201
Maya,Conway,52,female,Ma.CONWA2443@mail2web.com,48.39.210.114
Meredith,Knapp,3,female,Mered.KNAP7098@gmail.com,189.119.101.237
Caitlin,Rogers,39,male,Cai.ROGER9653@yahoo.com,144.168.112.182
Allyson,Trevino,43,male,Ally.TRE6507@mail2web.com,168.233.85.192
Anderson,Cline,64,male,Anderso.CLINE7206@mail2web.com,95.157.141.238
Shiloh,Montoya,63,female,Shi.MON6836@hushmail.com,36.121.98.67
Kirsten,Solomon,22,female,Kirste.SOLOMO1190@live.com,22.213.157.211
Rosemary,Lowe,14,female,Rose.LO2947@yahoo.com,19.41.188.86
Jaydon,Rush,79,male,Jaydon.RUSH2427@live.com,53.254.84.189
Anastasia,Kennedy,12,female,Anastasia.KENNE2068@mail2web.com,200.144.82.236
Kingston,Bonner,31,female,Kingst.BONNER8261@mail2web.com,18.113.245.158
Elliana,Wilkins,46,female,Elliana.WIL5106@mail2web.com,37.0.181.141
Callie,Craig,8,male,Calli.CR8112@mail2web.com,29.193.3.203
Shania,Duffy,70,male,Shania.DU4435@hushmail.com,179.39.140.152
Kohen,Hickman,75,male,Kohen.HICK1777@gmail.com,221.159.3.18
Gwendolyn,Marquez,30,female,Gwend.MARQUE2180@mail2web.com,87.107.36.59
Lukas,Page,28,female,Luka.PA5612@live.com,181.201.47.115
Jaden,Vance,83,male,Jaden.VAN1760@yahoo.com,123.145.75.7
Arlo,Sears,49,female,Ar.SE5629@hushmail.com,72.228.92.226
Corey,Larson,23,male,Cor.LARS2463@hushmail.com,84.204.225.127
Daniella,Cameron,25,female,Daniell.CAM8903@live.com,80.123.155.74
Charley,Chan,47,female,Charle.CHA6574@live.com,88.130.5.204
Anthony,Nixon,3,female,Antho.NI2400@gmail.com,19.43.23.208
Nylah,Harris,56,female,Nylah.HARR5734@live.com,105.14.192.95
Paula,Kidd,83,male,Paula.KID8312@gmail.com,104.60.113.63
Moriah,Perkins,40,male,Mor.PERKINS5334@hushmail.com,138.15.167.161
Dakota,Snow,10,male,Dak.SNO6174@hushmail.com,50.78.9.28
Hayes,Cox,66,male,Haye.COX9992@gmail.com,24.247.3.173
Heather,Hurst,38,male,Hea.HU4262@yahoo.com,186.129.99.69
Ariel,Noble,30,female,Arie.NOB8614@yahoo.com,110.106.121.192
Jon,Cooley,83,male,Jon.COOLEY9283@yahoo.com,79.6.203.67
Silas,Carpenter,53,male,Sila.CARP5392@yahoo.com,101.0.71.119
Brysen,Pope,34,female,Bry.PO2499@yahoo.com,46.118.92.34
Abbey,Skinner,32,male,Ab.SKINNE6763@gmail.com,84.188.30.184
Mitchell,Berger,75,female,Mitc.BER5575@yahoo.com,90.125.27.189
Sky,Lowe,41,female,S.LOWE8836@live.com,36.110.221.120
Riley,Dunn,21,male,Riley.DU7134@yahoo.com,179.169.59.0
Harold,Warren,78,male,Har.WARR1498@mail2web.com,57.167.146.108
Xander,Chen,29,female,Xande.CH1944@hushmail.com,46.202.15.77
Dane,Valentine,53,female,Dan.VALENTIN2793@yahoo.com,30.26.74.195
Talia,Duran,36,male,Talia.DURAN7901@mail2web.com,80.202.111.54
Brock,Kaufman,47,male,Broc.KAUFMAN8228@hushmail.com,87.149.203.25
Cristian,Vincent,58,female,Cristia.VINC5103@live.com,205.57.57.207
Haley,Whitley,33,male,Haley.WHITLEY5932@gmail.com,3.246.59.0
Terrence,Reyes,4,male,Terr.RE3311@mail2web.com,115.112.119.92
Alanna,Winters,17,female,Alan.WIN1368@gmail.com,41.7.238.136
Cheyenne,Mccall,39,female,Chey.MCC1492@live.com,130.12.215.13
Jaxen,Sheppard,1,female,Jaxe.SHEPPA2199@gmail.com,171.76.229.167
Kale,Rodriguez,19,female,Ka.RODRI1724@hushmail.com,92.7.123.10
Yasmin,Haynes,81,male,Yasmin.HAY7958@hushmail.com,207.208.20.171
Bella,King,6,male,Be.KING9771@yahoo.com,105.197.112.230
Josephine,Mills,44,male,Josephi.MILLS1897@live.com,98.123.159.228
Susan,Crane,22,female,Sus.CRA3219@gmail.com,64.8.203.194
Mckenzie,Weeks,32,male,Mckenzi.WE2124@hushmail.com,24.246.167.94
Triston,Peck,62,female,Tristo.PE9652@gmail.com,41.157.111.77
Angela,Rosa,45,male,Ange.ROSA6472@gmail.com,160.164.61.164
Randy,Mckinney,12,female,Ra.MCKINN8762@live.com,108.110.41.50
Rylan,Lewis,64,male,Ryl.LEWIS7981@mail2web.com,176.236.36.208
Luka,Macdonald,27,female,Lu.MACDONA5684@mail2web.com,167.58.54.171
Emmalyn,Wilkerson,70,male,Emmaly.WILKER8447@hushmail.com,81.237.103.98
Ignacio,Davidson,32,female,Ign.DAVIDS5843@live.com,20.170.230.99
Tyler,Blackburn,13,male,Ty.BLACKB8891@mail2web.com,171.12.185.61
Gabriella,Stafford,75,male,Gabriel.STAF7086@gmail.com,9.127.54.239
Charli,Calhoun,56,male,Charl.CALHO6442@live.com,126.254.141.246
Brian,Camacho,23,female,Br.CAM1844@gmail.com,133.117.119.227
Joziah,Lamb,39,female,Joziah.LAM3785@live.com,123.157.158.197
Andrea,Bowen,56,female,And.BOW1915@yahoo.com,46.180.233.149
Jordan,Kent,5,female,Jord.KENT2461@yahoo.com,189.146.85.182
Kelsey,Cline,13,female,Kels.CLI1854@mail2web.com,51.73.223.193
Yaretzi,Huff,44,female,Yare.HUF9549@hushmail.com,21.193.142.200
Elsa,Anderson,61,male,Elsa.ANDERS1411@yahoo.com,215.38.244.200
Adelyn,Velazquez,45,male,Adely.VELAZ7725@mail2web.com,207.249.246.52
Kohen,Logan,81,male,Kohe.LO5898@mail2web.com,52.23.34.98
Griffin,Ewing,11,female,Griffi.EW6724@mail2web.com,200.148.166.182
Melany,Brewer,45,female,Mela.BREWER6628@mail2web.com,200.155.18.22
Nikolas,Moore,60,female,Niko.MOO8605@hushmail.com,132.174.242.94
Sharon,Camacho,72,male,Sharon.CAMA6905@live.com,33.186.215.223
Valentin,Armstrong,73,female,Valent.ARMST4570@hushmail.com,67.200.233.17
Elliott,Richmond,84,male,Ellio.RICH2906@mail2web.com,151.211.180.17
Crystal,Pennington,29,male,Cry.PENNINGTON8328@live.com,60.152.120.186
Lacey,Ray,78,female,Lac.RAY1020@yahoo.com,80.242.101.8
Coleman,Burns,64,female,Col.BURN4162@yahoo.com,173.194.221.40
Kaiya,Mcleod,19,male,Kaiy.MCLE1598@live.com,174.94.209.34
Trystan,Fuller,64,female,Trystan.FUL5226@mail2web.com,157.213.155.16
Bridger,Garner,69,male,Bri.GARNE8946@gmail.com,217.182.116.160
Keyon,Bennett,10,male,Keyo.BENNETT3609@gmail.com,57.123.103.104
Sky,Hahn,29,male,Sky.HA2855@yahoo.com,83.97.227.219
Brent,Bray,42,male,Bre.BRAY4859@hushmail.com,8.137.74.60
Brenda,Hartman,41,female,Bren.HART4423@mail2web.com,201.181.159.185
Dominick,Gallagher,43,female,Domini.GALLAGHER2959@yahoo.com,195.128.150.184
James,Barker,50,male,James.BARK8948@live.com,147.23.142.107
Addisyn,Spears,72,female,Add.SPEARS6747@live.com,174.6.251.117
Terrence,Guzman,40,male,Terrenc.GUZ7695@gmail.com,193.83.227.204
Kameron,Mueller,18,male,Kamero.MUE5354@yahoo.com,101.23.138.82
Leonardo,Mcintosh,30,female,Leona.MCINTO2276@gmail.com,186.151.206.11
Franco,Mcdonald,2,female,Franco.MCDON8709@gmail.com,128.89.197.132
Charleigh,Mcintyre,5,male,Charleigh.MCINT7923@yahoo.com,164.224.50.234
Liam,Simmons,45,female,Lia.SIMMON9701@mail2web.com,155.122.195.93
Julissa,Martinez,46,female,Julis.MART5679@hushmail.com,115.105.66.154
Joyce,Landry,21,male,Joy.LANDRY3025@live.com,113.142.190.173
Caitlin,Fry,47,female,Caitlin.FRY4193@yahoo.com,130.145.249.32
Carlos,Delgado,19,female,Carl.DELGAD9459@mail2web.com,39.107.128.55
Graham,Doyle,38,male,Graham.DO1654@hushmail.com,112.215.98.139
Sophie,Williamson,65,female,Sophi.WILLIAMSO3135@hushmail.com,33.190.83.151
Jayleen,Garrison,7,female,Jayle.GARR9052@gmail.com,213.16.243.242
Jett,Giles,23,male,Je.GIL8404@hushmail.com,200.43.29.53
Javier,Head,21,female,Javi.HEAD7932@mail2web.com,48.90.14.253
Callen,Madden,53,female,Cal.MADD4176@mail2web.com,104.84.81.1
Hudson,English,34,female,Hudso.ENG3115@mail2web.com,52.217.226.183
Alisha,Lindsay,65,female,Alisha.LIN7559@live.com,4.52.36.177
Davin,Vance,79,female,Davi.VANC1168@yahoo.com,137.171.195.166
August,Lester,49,male,August.LES6593@live.com,2.44.156.92
Galilea,Buckley,77,male,Gali.BUCKL4452@yahoo.com,90.110.145.0
Kathryn,Mcintosh,63,female,Kath.MCINTO3736@hushmail.com,27.87.51.239
Julianna,Ramirez,54,male,Julian.RAMIRE4151@yahoo.com,78.127.109.53
Diana,Hancock,49,female,Dian.HANCO9355@live.com,195.182.42.126
Eden,Burt,29,female,Eden.BU2162@gmail.com,142.23.191.211
Sophia,Talley,60,female,Soph.TAL8855@yahoo.com,117.159.10.60
Lillian,Glover,33,male,Lil.GLOVE2384@gmail.com,6.83.156.137
Lindsey,Mueller,32,male,Lindse.MUELLE4375@yahoo.com,174.175.188.224
Richard,Galloway,31,female,Richa.GALLOW9452@live.com,89.97.190.34
Miles,Jacobs,11,female,Mil.JACO6135@yahoo.com,108.138.6.138
Joslyn,Johnston,38,male,Jos.JOHNS9505@yahoo.com,1.183.228.231
Marco,Potter,28,female,Marco.POTTER4428@hushmail.com,126.110.151.15
Sebastian,Prince,54,male,Sebas.PRINC9843@live.com,135.123.227.25
Callum,Bullock,8,male,Callum.BULLOCK6052@hushmail.com,124.64.72.102
Hannah,Francis,35,female,Hanna.FRAN2263@yahoo.com,71.236.26.171
Bryson,Small,82,female,Bryson.SMALL6646@yahoo.com,18.73.233.213
Leo,Landry,78,female,Leo.LAND6069@gmail.com,141.117.102.231
Hector,Sanchez,39,female,Hector.SANCHEZ8858@gmail.com,194.145.81.61
Keegan,Mcgowan,69,male,Kee.MCGOWA1574@mail2web.com,46.32.82.36
Giancarlo,Bird,4,female,Gianc.BIRD4838@gmail.com,18.133.155.161
Maddox,Rojas,46,male,Maddox.ROJ8999@hushmail.com,206.106.236.244
Nyla,Daniel,75,female,Ny.DAN8545@hushmail.com,131.107.216.246
Leon,Elliott,26,male,Leo.ELLIOTT2495@mail2web.com,153.69.170.197
Brodie,Spencer,75,female,Brod.SPEN9774@live.com,82.243.192.87
Dax,Dejesus,74,male,Dax.DEJ6599@mail2web.com,212.1.14.31
Solomon,Dudley,50,female,Solomo.DUDL7820@yahoo.com,101.246.223.219
Darnell,Boyle,34,male,Darnell.BO4490@gmail.com,148.6.184.127
Raylan,Hickman,78,female,Ray.HICKM6461@hushmail.com,8.210.78.84
Desiree,Montoya,31,female,Desi.MONTO1429@gmail.com,44.239.2.160
Lesly,Blanchard,14,male,Le.BLANC1958@yahoo.com,180.225.241.236
Kaylee,Dennis,20,female,Kayle.DENNIS7072@mail2web.com,65.242.52.46
Aimee,Cain,45,male,Aim.CA1651@yahoo.com,39.206.235.190
Reese,Norman,66,male,Reese.NORMAN9148@mail2web.com,52.72.94.157
Wendy,Sexton,42,female,Wend.SEX5117@yahoo.com,103.252.129.145
Jalen,Strong,29,male,Jalen.STRONG7999@mail2web.com,78.12.99.177
Carmelo,Melendez,49,male,Car.MELEND4551@gmail.com,191.177.185.13
Annabel,Chambers,53,male,Ann.CHAMB8709@gmail.com,17.109.240.149
Cora,Rivas,41,female,Cora.RIVA2021@hushmail.com,168.222.203.70
Mariyah,Riggs,69,male,Mariya.RIGGS3016@yahoo.com,46.67.225.175
Giana,Dotson,57,male,Gi.DOTSON7700@mail2web.com,177.32.23.42
Cayden,Reynolds,17,female,Cayde.REYNOLDS6055@gmail.com,179.13.250.253
Kaylin,Decker,47,female,Kayl.DECKER4298@gmail.com,181.209.123.6
Sylas,Sellers,48,female,Sylas.SELL1701@live.com,208.134.101.92
Ashlynn,Cobb,65,female,Ashlynn.COB6359@hushmail.com,33.26.147.89
Jayde,Cox,54,female,Ja.C9884@live.com,49.84.202.205
Savannah,Levy,61,male,Savannah.LE8928@hushmail.com,32.216.154.160
Riley,Horton,36,female,Riley.HORTON9598@live.com,72.67.183.233
Greta,Cobb,65,male,Gre.COB5455@mail2web.com,139.181.215.225
Waylon,Justice,30,male,Waylo.JUSTIC3518@live.com,36.29.76.216
Kinsey,Noel,48,female,Kins.NOE7686@mail2web.com,9.70.215.202
Nolan,Davidson,30,male,Nola.DAVID2775@mail2web.com,164.237.78.175
Jadon,Dickerson,27,male,Jad.DICKERS8344@gmail.com,222.168.141.211
Rhett,Vinson,25,male,Rhe.VINSON2691@live.com,212.81.139.29
Riya,Hudson,64,male,Riya.HUDS1275@mail2web.com,181.114.105.74
Imani,Barnett,37,female,Imani.BARN9188@gmail.com,140.125.235.97
Clara,Knox,76,female,Clara.KNOX4854@gmail.com,68.170.109.3
Liliana,Bruce,27,male,Lilia.BRU9205@live.com,168.119.167.16
Isaias,Barlow,40,female,Isa.BARLOW5061@gmail.com,163.183.127.143
Laura,Roberts,3,male,Laur.ROBER9416@gmail.com,142.132.59.116
Brennen,Harrison,61,male,Bre.HARRI1488@hushmail.com,66.167.56.58
Bentlee,Kramer,53,female,Bentlee.KRAMER4651@yahoo.com,82.142.83.115
Nahla,Donaldson,53,male,Nah.DONA9402@mail2web.com,170.157.106.241
Aviana,Harvey,26,female,Avia.HAR6100@hushmail.com,164.248.127.58
Leonidas,Wiggins,17,female,Leoni.WIGGI1548@live.com,69.241.25.115
Casen,Wallace,80,female,Case.WALLACE7159@hushmail.com,190.112.149.146
Joshua,Vaughan,12,female,Josh.VAUGH9937@yahoo.com,33.67.105.50
Brayan,Hendrix,28,female,Bray.HENDRIX5648@hushmail.com,144.142.85.125
Fiona,Kelley,77,male,Fio.KELL1516@yahoo.com,210.34.57.207
Reese,Valencia,51,male,Ree.VALEN4942@hushmail.com,43.117.213.205
Anna,Romero,83,female,Ann.ROM8408@mail2web.com,166.64.8.72
Miguel,Beasley,20,male,Migue.BEAS6468@gmail.com,222.53.136.62
Archer,Yang,78,male,Arch.YANG9075@mail2web.com,47.24.99.37
Vincenzo,Torres,35,female,Vincenzo.TORRES2195@hushmail.com,6.187.74.87
Ryleigh,Richards,52,male,Rylei.RICHARDS1389@gmail.com,179.184.102.166
Tyson,Chan,62,male,Tyso.CH1362@mail2web.com,90.207.173.129
Piper,Merritt,14,male,Pip.MERR1000@yahoo.com,207.2.240.29
Katelyn,Cain,16,female,Kate.CAI8864@live.com,149.64.1.31
Jemma,Ingram,12,female,Je.ING1190@gmail.com,52.57.136.244
Siena,Craig,59,male,Sie.CRA6221@yahoo.com,57.68.251.19
Kamryn,England,71,male,Kamryn.ENGL9197@mail2web.com,157.224.76.112
Jaylyn,Hobbs,33,male,Jayl.HOBBS4638@yahoo.com,20.203.56.160
Jaden,Clark,62,female,Ja.CLARK2780@mail2web.com,9.131.84.67
Valentin,Wiley,64,male,Vale.WILE8003@mail2web.com,221.35.102.97
Alexandria,Spears,80,male,Alexandr.SPEAR5571@yahoo.com,143.186.214.159
Everett,Wilkinson,44,female,Ever.WILKINSON2204@hushmail.com,55.146.49.105
Skyler,Butler,81,male,Skyle.BUTLE8102@mail2web.com,214.174.0.138
Alivia,Lawson,23,male,Alivia.LAWSO6511@gmail.com,221.3.35.185
Athena,Brady,31,female,Ath.BRAD5551@gmail.com,59.146.173.147
Raphael,Mcleod,72,male,Rapha.MCLEOD1043@yahoo.com,183.132.223.140
Mila,Christensen,1,female,Mil.CHRISTENSE8401@hushmail.com,43.225.248.117
Diana,Burton,15,male,Diana.BURTON1285@gmail.com,212.174.5.237
Nixon,Calhoun,41,female,Ni.CALHOU7234@yahoo.com,163.213.228.205
Anahi,Montoya,3,male,An.MONTOYA5297@hushmail.com,25.230.147.73
Adan,Bolton,30,female,Adan.BOLTO1961@live.com,117.251.98.109
Jadiel,Clark,23,male,Jadiel.CLAR2824@hushmail.com,73.18.122.233
Kailynn,Blankenship,52,female,Kail.BLANKENSHIP2718@live.com,9.106.157.49
Adyson,Obrien,39,male,Adys.OBR7765@mail2web.com,1.165.144.202
Nash,Chambers,10,male,Nas.CHAMBER6829@live.com,137.233.32.231
Sydney,Leblanc,37,female,Sydn.LEBL6921@yahoo.com,1.229.130.158
Taylor,Gilliam,7,female,Taylor.GILLIAM8847@yahoo.com,134.74.133.100
Kourtney,Knapp,38,female,Kourtne.KNAPP8787@mail2web.com,28.113.26.138
Erin,Alston,8,male,Erin.ALS9420@gmail.com,138.234.145.226
Kensley,Glover,32,female,Kensle.GLO4377@yahoo.com,85.164.184.41
Carlie,Blair,44,male,Car.BLAI6701@live.com,217.223.201.55
Ryland,Webster,57,female,Rylan.WEBST9500@mail2web.com,25.202.126.159
Randy,Foreman,39,female,Randy.FORE2668@hushmail.com,162.223.74.79
Cayson,Woods,80,female,Cayson.WOO6318@hushmail.com,173.189.9.130
Alaya,Mathews,43,male,Alay.MATHEW9616@gmail.com,119.192.97.187
Felix,Benjamin,22,female,Feli.BENJ6845@live.com,189.225.110.64
Gabrielle,Bartlett,31,male,Gabr.BARTLETT7970@yahoo.com,73.153.196.17
Leyla,Townsend,21,male,Le.TOWNSE7244@live.com,5.211.220.17
Micah,Rich,32,female,Mic.RICH9270@mail2web.com,1.30.43.143
Bailey,Walton,13,male,Bai.WALTON8882@hushmail.com,174.238.89.240
Kara,Parker,61,male,Ka.PAR1460@live.com,70.229.64.1
Katie,Dickson,74,female,Kati.DIC5782@mail2web.com,71.81.102.34
Mackenzie,Dale,25,male,Mackenzi.DA4429@hushmail.com,4.181.178.29
Jada,Mccall,16,male,Jada.MCCAL9023@gmail.com,115.4.75.120
Miracle,Jacobs,22,male,Mira.JACO3054@yahoo.com,63.103.183.178
Isabelle,Houston,49,male,Isabell.HOUSTON2468@live.com,214.47.172.235
Melissa,Cooper,56,female,Mel.COO4623@yahoo.com,186.73.216.246
Jadyn,Brennan,19,male,Ja.BRENNAN2524@live.com,70.123.52.221
August,Molina,13,female,Aug.MOLIN1407@gmail.com,38.84.142.67
Jeffery,Mclean,57,female,Jeffe.MCL2424@live.com,82.230.148.103
Camren,Castillo,22,male,Camren.CASTI4821@hushmail.com,178.111.190.221
Aniya,Kirby,34,female,An.KIRB7149@live.com,64.50.150.119
Leonardo,Neal,63,male,Leonar.NE2358@gmail.com,42.66.235.77
Clayton,Mcknight,26,female,Clayton.MCKNIG2264@yahoo.com,151.118.151.108
Cadence,Clements,85,female,Cade.CLEMENTS8523@live.com,73.98.38.6
Rhett,Mcknight,19,male,Rhet.MCKNI3099@mail2web.com,81.245.9.216
Jaycee,Herrera,12,male,Jayce.HER1871@live.com,117.94.109.158
Evelynn,Harrington,37,female,Eve.HARRINGT5003@yahoo.com,155.218.78.236
Pierce,Harrell,79,male,Pie.HARRE3320@yahoo.com,144.84.184.205
George,Chavez,72,male,Geo.CHAVEZ5300@live.com,179.249.181.153
Felix,Hickman,34,female,Fe.HICKM9419@mail2web.com,70.195.129.54
Remington,Jennings,76,male,Reming.JENNING8456@gmail.com,184.12.137.193
Aaron,Mcfadden,44,male,Aaro.MCFADDE3021@live.com,70.75.5.23
Aaliyah,Conway,26,female,Aaliy.CONWAY7829@live.com,50.161.91.221
Elian,Cummings,36,female,Elia.CUMMINGS9512@live.com,117.144.222.170
Christopher,Guzman,74,female,Chris.GUZ5871@live.com,173.120.4.57
Kassidy,Santana,62,female,Kass.SANTANA5670@mail2web.com,117.229.147.95
Aryanna,Oneal,67,male,Aryann.ON8286@live.com,125.139.14.38
Blaine,Dotson,53,male,Blaine.DOT5687@mail2web.com,59.105.113.124
Aylin,Weiss,73,female,Ayli.WEISS8612@mail2web.com,25.196.98.170
Marina,Gray,85,female,Mar.GR4797@gmail.com,15.177.59.45
Billy,Walton,54,female,Bil.WALT3519@yahoo.com,204.195.95.97
Alexa,Cantrell,65,male,Alex.CANTREL8315@yahoo.com,12.185.141.29
Tucker,Shepherd,42,female,Tuck.SHEPH6991@mail2web.com,74.242.32.121
Azaria,Christian,68,male,Azar.CHRI7669@live.com,155.249.73.71
Gilbert,Garner,28,male,Gilbert.GARNER5458@mail2web.com,41.243.129.56
Jax,Burks,82,male,Jax.BU6462@hushmail.com,125.185.110.21
Brennen,Miranda,75,male,Bren.MIRAN1424@hushmail.com,61.235.29.82
Princess,Morgan,53,male,Prin.MORGA2405@mail2web.com,50.143.184.72
Hendrix,Salazar,42,female,Hendrix.SALAZA6600@hushmail.com,182.210.163.231
Janelle,Hood,9,female,Janelle.HO1899@yahoo.com,80.243.119.96
Gianni,Moss,15,male,Giann.MO2078@yahoo.com,33.69.136.35
Oliver,Mcgowan,8,female,Olive.MCG2370@live.com,123.198.181.35
Kynlee,Moon,58,female,Kynl.MOO4598@yahoo.com,32.232.229.232
Erin,Abbott,17,female,Er.ABBO7538@gmail.com,25.103.26.242
Hayley,Oneil,35,male,Hayl.ONEIL4613@live.com,113.33.152.99
Braelynn,Knapp,16,male,Brael.KNAP8307@mail2web.com,159.57.80.240
Jaylyn,Quinn,28,male,Jayl.QUINN5931@yahoo.com,178.186.171.130
Rylie,Vang,36,female,Ry.VANG7284@yahoo.com,147.119.45.254
Reyna,Curry,31,male,Rey.CU7714@gmail.com,163.224.132.92
Julius,Vaughn,2,female,Juli.VAUG7529@mail2web.com,158.148.183.110
Halle,Tucker,46,female,Halle.TUCKER5462@yahoo.com,60.128.147.113
Kyan,Carpenter,72,male,Kyan.CARP5006@live.com,93.45.96.241
Vera,Pacheco,32,male,Vera.PACHEC5895@hushmail.com,178.234.61.147
Spencer,Arnold,81,male,Spencer.ARNOLD9298@live.com,156.95.10.211
Sterling,Bender,83,female,Sterlin.BENDER9640@hushmail.com,1.49.102.104
Bennett,Martin,82,female,Bennet.MART8106@live.com,114.138.56.154
Coleman,Donaldson,40,male,Colema.DONALDSO5733@mail2web.com,117.144.99.225
Lily,Hartman,62,male,Lily.HART3253@mail2web.com,220.178.78.236
Heath,Hubbard,38,female,Heath.HUB3655@yahoo.com,171.39.24.211
Tiffany,Mullins,63,female,Tif.MULLIN4173@live.com,139.121.14.187
Shayla,Meadows,37,male,Shay.MEA5000@gmail.com,220.140.8.215
Karly,Atkins,72,female,Karly.ATKINS7362@hushmail.com,43.175.167.221
Leia,Gilliam,61,female,Le.GIL7995@mail2web.com,28.198.40.65
Addilyn,Frye,32,male,Addil.FR5028@live.com,61.136.6.109
Emery,Osborne,25,female,Emery.OSBO8955@live.com,38.44.93.252
Madeline,Blevins,81,female,Madel.BLEVI3876@yahoo.com,15.93.75.159
Taraji,Bauer,27,female,Taraj.BAU2660@hushmail.com,215.91.188.218
Arely,Drake,29,male,Arely.DRAK1490@gmail.com,3.108.106.149
Cristopher,Mcguire,8,female,Cristopher.MCGU2668@yahoo.com,2.40.196.113
Arnav,Macias,28,male,Arnav.MACI9066@gmail.com,123.76.86.89
Ernest,Patton,40,female,Erne.PATT8594@live.com,98.250.77.152
Macie,Mcfarland,77,female,Ma.MCFARL3544@yahoo.com,132.160.111.196
Davin,Daugherty,36,male,Da.DAUGHERTY3537@live.com,86.98.91.211
Johanna,Mitchell,68,female,Johanna.MITCHELL8864@yahoo.com,28.116.104.173
Amari,Workman,47,female,Amari.WORKM3543@gmail.com,25.123.154.33
Diya,Miranda,11,male,Di.MIRA7001@hushmail.com,113.4.8.233
Adelynn,Dean,23,male,Adel.DEAN4447@yahoo.com,212.197.253.56
Grayson,Mcintosh,13,male,Grayso.MCINTOS3932@mail2web.com,69.175.114.21
Guadalupe,Dyer,59,female,Guadalupe.DYER8449@hushmail.com,20.230.151.38
Jaiden,Martinez,8,female,Jaide.MARTI2217@gmail.com,75.221.208.159
Marshall,Blackburn,10,male,Marshall.BLACKBU4559@gmail.com,210.228.210.103
Jakobe,Bullock,3,male,Jakobe.BUL6292@hushmail.com,76.186.79.192
Edward,Taylor,10,female,Edwar.TAY6116@gmail.com,125.132.26.216
Rayden,Herring,47,female,Rayde.HERRIN1468@gmail.com,53.252.76.181
Julieta,Thompson,40,male,Julie.THOMP4899@hushmail.com,117.81.165.195
Benjamin,Hess,17,female,Benj.HES7224@yahoo.com,208.227.39.125
Paola,Allen,61,female,Pa.ALLE9097@hushmail.com,123.168.133.215
Maggie,Barber,2,female,Maggi.BAR3508@yahoo.com,71.226.235.178
Izaiah,Mullins,76,female,Izaiah.MULL1706@live.com,52.181.187.219
Caitlin,Buckley,61,female,Cai.BUCK4582@yahoo.com,57.21.3.99
Skylar,Wallace,65,female,Sky.WALL6525@yahoo.com,17.203.182.253
Valeria,Maxwell,70,female,Valeria.MAXWE6461@mail2web.com,35.14.15.114
Maxwell,Barber,43,male,Maxw.BARBE9740@live.com,121.209.49.73
Jaydan,Lara,67,male,Jayda.LAR1166@mail2web.com,181.81.189.151
Valentina,Cash,30,female,Valentina.CAS6539@mail2web.com,68.222.140.43
Emmitt,Beach,40,male,Emmit.BE3493@live.com,75.191.189.102
Maksim,Holden,7,female,Maksi.HOLDEN3172@gmail.com,99.135.100.85
Alannah,Graham,35,female,Ala.GRA6406@mail2web.com,23.207.95.74
Benton,Herman,20,female,Bent.HERMA4764@live.com,130.189.74.37
Irvin,Ewing,75,female,Irvin.EWIN1392@live.com,111.142.53.55
Vincenzo,Tillman,26,male,Vincen.TIL7867@gmail.com,35.234.252.168
Willa,Cameron,11,female,Willa.CAMERO2414@gmail.com,75.140.99.162
Angela,Sutton,15,female,Ange.SUTTO1691@hushmail.com,61.160.157.15
Maximiliano,Hancock,40,male,Maxim.HAN6682@gmail.com,17.86.234.172
Jermaine,Rosario,66,female,Jermaine.ROSARI6021@hushmail.com,217.120.145.50
Davon,Waters,80,male,Davon.WAT2194@live.com,209.219.233.95
Breanna,Holman,2,female,Brea.HOLMA2912@live.com,212.3.116.164
Valentin,Faulkner,27,female,Valent.FAULKNE2582@gmail.com,99.186.153.132
Cale,Singleton,39,female,Cal.SINGLETO4210@live.com,121.32.175.58
Neil,Levy,84,female,Nei.LE9307@hushmail.com,154.232.14.21
Zander,Velez,84,female,Zander.VELE9005@hushmail.com,131.72.146.244
Casey,Molina,76,male,Ca.MOLINA4012@yahoo.com,219.172.184.214
Alexandra,Avila,23,male,Alexand.AVI7452@yahoo.com,17.185.119.98
Matthew,Deleon,57,male,Matthew.DELEON9466@hushmail.com,161.47.166.169
Sebastian,Bailey,4,female,Seba.BAIL2821@live.com,136.46.78.245
Elliot,Lyons,77,male,Elli.LYO7149@yahoo.com,14.164.218.22
Halle,Simmons,46,male,Ha.SIMMO1423@gmail.com,207.18.208.142
Yamilet,Ross,58,male,Yami.ROS9955@yahoo.com,166.209.144.31
Mattie,Finley,6,female,Mattie.FINLEY5492@gmail.com,111.108.245.239
Asa,Hensley,36,male,As.HENSLEY9955@yahoo.com,63.153.34.228
Lana,Dyer,57,male,Lana.DYE1777@mail2web.com,166.84.208.160
Kyson,Mcclure,73,female,Kys.MCC9548@yahoo.com,193.233.155.238
Sariyah,Daniels,43,male,Sar.DANI4647@mail2web.com,194.164.235.221
Laila,Dodson,17,female,Lail.DODSON4422@gmail.com,132.98.130.142
Amber,Ford,8,female,Amber.FORD4107@hushmail.com,206.125.142.226
Macey,Ruiz,75,male,Ma.RUIZ5602@yahoo.com,182.45.243.87
Masen,Arnold,14,male,Mase.ARNOLD7937@live.com,158.20.215.42
Nicole,Bennett,56,male,Nicol.BENNET3114@mail2web.com,170.135.244.56
Jaylee,Freeman,21,female,Jayle.FRE8914@yahoo.com,13.6.39.201
Shannon,Bender,35,male,Sha.BEND6438@yahoo.com,212.36.105.252
Marshall,Rice,46,female,Marsh.RI5107@gmail.com,60.57.101.2
Toby,Matthews,22,male,Toby.MATTH7445@live.com,65.21.184.9
Casey,Cochran,2,female,Casey.COCH9136@live.com,196.202.244.11
Elsie,Riddle,2,female,Elsi.RIDDL2705@yahoo.com,105.40.252.140
Carolina,Howard,64,female,Carol.HOWA3241@yahoo.com,155.72.15.90
Maleah,Kinney,47,male,Mal.KINNEY6808@yahoo.com,85.117.108.15
Tristan,Barry,1,male,Tris.BARRY8216@mail2web.com,5.99.176.67
Janiya,Holder,85,female,Jan.HOLDE6875@yahoo.com,21.231.99.143
Zayden,Melton,42,female,Zay.MELTO1464@yahoo.com,139.86.117.120
Ariella,Trevino,38,female,Ariella.TREVI5995@hushmail.com,30.126.165.64
Corinne,Puckett,79,female,Cor.PUCKE3902@mail2web.com,112.34.103.108
Mara,Nguyen,84,male,Mara.NGUYEN8349@mail2web.com,223.178.24.162
Leo,Phelps,63,female,Leo.PHELP3945@gmail.com,51.111.142.69
Adalyn,Beck,19,female,Adal.BE1172@mail2web.com,128.194.187.244
Kayla,Serrano,19,female,Kayl.SERRA2982@gmail.com,223.234.208.158
Mckenna,Holloway,56,male,Mck.HOLL5664@yahoo.com,151.213.91.205
Sherlyn,Roberts,1,male,Sherl.ROBE2046@yahoo.com,137.185.66.176
Andres,Fry,85,male,Andr.FRY2091@gmail.com,1.191.44.90
Reid,Casey,26,female,Re.CASEY3844@mail2web.com,209.10.19.30
Zaire,Chase,71,male,Zaire.CH5727@hushmail.com,7.112.90.11
Carissa,Trujillo,43,male,Cariss.TRUJILLO9745@live.com,105.69.181.17
Melina,Banks,63,female,Mel.BA5931@mail2web.com,139.85.50.244
Mike,Atkinson,5,female,Mik.ATKINSO8039@hushmail.com,104.124.126.39
Hezekiah,Ross,12,female,Hezek.ROSS3175@hushmail.com,182.209.91.39
London,Christian,24,female,London.CHRISTI5592@yahoo.com,195.14.142.200
Jaylin,Young,48,male,Jayli.YO7770@live.com,173.7.221.38
Nova,Potts,59,female,Nov.POTTS9566@mail2web.com,155.60.39.244
Skye,Fields,21,male,Sky.FIE3928@hushmail.com,42.237.56.232
Viviana,Foster,15,female,Viv.FOSTER4150@yahoo.com,131.233.97.87
Triston,Sampson,73,male,Trist.SAM3900@mail2web.com,122.79.95.132
Ana,Whitney,42,male,An.WHITNE3377@gmail.com,49.33.216.161
Stanley,Carter,39,male,Stanley.CARTER1598@hushmail.com,96.188.29.253
Samir,Wooten,1,female,Sami.WOOTEN6209@mail2web.com,9.14.20.34
Alvin,Jenkins,10,female,Alvi.JENK5953@mail2web.com,63.65.49.1
Yoselin,Hale,38,female,Yoseli.HA2023@live.com,101.77.182.254
Linda,Sykes,14,female,Linda.SY6148@live.com,215.157.181.197
Lena,Kelley,42,male,Lena.KELL6714@live.com,87.3.200.44
Laura,Dalton,25,male,Laur.DALT1012@live.com,205.82.233.90
Lorelei,Grimes,26,male,Lorele.GRIME2235@mail2web.com,132.219.67.192
Adalynn,Stevenson,77,female,Adaly.STEVE9542@yahoo.com,214.212.98.150
Avianna,Kinney,83,male,Avianna.KIN5814@live.com,47.60.60.182
Elian,Chen,73,male,Elian.CH7858@live.com,62.240.240.47
Chace,Fuentes,54,male,Ch.FUENTE6882@hushmail.com,59.40.164.104
Jamar,Justice,5,male,Jamar.JUS8353@gmail.com,54.93.122.14
Jesus,Campbell,61,female,Je.CAMP1760@gmail.com,4.222.145.186
Jaylynn,Downs,19,male,Jay.DOWN3769@mail2web.com,89.62.200.179
Colin,Holloway,40,female,Col.HOLLOWA3392@live.com,58.177.209.125
Ramon,Boyle,2,female,Ramo.BOY8030@yahoo.com,154.99.137.98
Gerardo,Davenport,36,female,Gerard.DAVEN3361@live.com,57.153.154.38
Isla,Bright,17,female,Is.BRIGHT1462@gmail.com,151.214.13.56
Thaddeus,Beach,75,female,Thadde.BE2691@hushmail.com,80.109.48.142
Maliah,Valenzuela,26,female,Malia.VALENZU6199@yahoo.com,176.169.53.135
Quinn,Giles,18,male,Quinn.GI3371@hushmail.com,155.38.1.76
Zoie,Moon,28,female,Zo.MOO8202@gmail.com,150.83.126.86
Avery,Murphy,63,female,Avery.MUR5579@mail2web.com,40.17.165.28
Angeline,Odonnell,29,female,Ange.ODON2620@live.com,94.192.57.45
Ramon,Perkins,32,male,Ramo.PERKI2784@hushmail.com,52.52.72.194
Briana,Levy,41,female,Bria.LEVY1423@mail2web.com,186.206.146.219
Millie,Hernandez,58,female,Mil.HERN7787@live.com,149.3.239.231
Aliana,Simpson,81,male,Aliana.SIMPSON6560@hushmail.com,153.59.211.145
Valentin,Welch,69,male,Valentin.WELC2996@gmail.com,32.197.224.180
Paige,Scott,11,female,Pa.SC8928@gmail.com,215.170.83.56
Courtney,Webster,69,female,Courtn.WEBS1977@yahoo.com,185.15.227.98
Melany,Irwin,19,male,Mel.IR1782@live.com,74.35.221.130
Eloise,Whitney,74,female,Elois.WHIT5242@yahoo.com,28.123.123.126
Frances,Hopkins,39,female,Franc.HOP1599@live.com,116.76.226.182
Samiyah,Ayala,15,female,Samiyah.AYALA1879@gmail.com,13.182.152.13
Rex,Klein,64,male,R.KLEIN3557@yahoo.com,147.118.122.200
Olive,Nixon,15,male,Oli.NIXON1963@yahoo.com,86.197.93.234
Courtney,David,65,male,Cour.DAVI8246@live.com,185.155.184.179
Wyatt,Fuller,47,female,Wyat.FUL4155@gmail.com,29.196.173.98
Branden,Mccoy,63,female,Brande.MCCO9551@gmail.com,2.68.200.120
David,Cruz,49,male,Davi.CRU1447@mail2web.com,84.251.33.87
Clark,Hendrix,59,male,Cl.HEN8817@mail2web.com,151.221.177.163
Ivan,Key,38,female,Iva.K3580@gmail.com,176.146.182.89
Jayson,Preston,23,male,Jays.PREST3705@mail2web.com,104.150.216.1
Madisyn,Sears,49,female,Madi.SEARS4996@mail2web.com,93.101.185.229
Larissa,Berry,30,male,Larissa.BE5226@gmail.com,222.238.190.151
Pierce,Chaney,23,male,Pie.CHAN6460@yahoo.com,87.136.106.120
Aubrianna,Duke,51,male,Aubriann.DUK2785@gmail.com,54.17.214.244
Michael,Tucker,17,male,Micha.TUCK7882@live.com,124.173.71.179
Hana,Brady,83,male,Ha.BRA1376@mail2web.com,158.151.139.140
Kadence,Warren,2,male,Kaden.WARREN2504@gmail.com,38.153.116.149
Lamar,Wheeler,28,male,Lama.WHEEL8644@yahoo.com,85.56.122.178
Abdullah,Lynch,83,male,Abdu.LYNC1935@gmail.com,87.194.172.16
Edward,Leblanc,41,male,Edw.LEB8030@hushmail.com,111.14.216.227
Alannah,Gates,61,male,Alann.GATES3181@yahoo.com,196.21.54.93
Tatum,Ramsey,48,male,Tatu.RAMSE5858@gmail.com,196.176.177.231
Kinsey,Vance,73,female,Kinse.VANC7411@mail2web.com,118.238.237.135
Phoenix,Murray,80,male,Phoen.MURRAY1507@mail2web.com,181.212.98.126
Miley,Gill,68,female,Mi.GI4170@hushmail.com,110.97.95.192
Cheyanne,England,30,male,Cheya.ENGLA8806@hushmail.com,195.26.230.162
Layla,Downs,18,male,Lay.DOW7746@gmail.com,180.161.87.112
Sydney,Rosario,60,female,Sydne.ROSARIO9305@live.com,9.44.165.245
Jaden,Britt,55,female,Jaden.BRITT7542@gmail.com,145.140.133.173
Jonathon,Duncan,59,male,Jonathon.DUNC9855@live.com,143.91.98.212
Brenden,Bernard,23,female,Brenden.BERNAR1407@gmail.com,219.188.8.93
Korbin,Shepard,8,female,Korb.SHEPARD6575@hushmail.com,195.18.127.123
Libby,Burch,83,female,Libby.BUR5837@live.com,146.44.194.156
Ali,Dodson,6,male,Ali.DODSO7296@hushmail.com,108.141.238.176
Alex,Curtis,54,male,Ale.CURTIS9316@hushmail.com,85.119.115.9
Kamille,Decker,79,female,Kamil.DECKE8872@mail2web.com,165.140.59.145
Jaeden,Robinson,77,female,Jae.ROBINS4171@gmail.com,145.49.158.23
Franklin,Long,59,female,Fran.LO3029@live.com,168.20.247.236
Cain,Miles,18,female,Cain.MILE2632@hushmail.com,112.235.12.4
Franco,Reed,9,female,Franco.RE6185@yahoo.com,112.15.140.49
Turner,Fisher,37,male,Turner.FISH9397@hushmail.com,37.199.118.223
Elvis,Kramer,71,female,El.KRAME7856@mail2web.com,152.41.243.232
Anastasia,William,64,female,Anast.WILLIAM6321@mail2web.com,164.80.31.217
Christopher,Christensen,2,male,Christop.CHRISTE6232@hushmail.com,123.3.219.197
Moses,Soto,34,female,Mos.SOT7585@hushmail.com,201.46.123.94
Jaylynn,Steele,76,male,Jayl.STEELE8267@gmail.com,134.175.135.26
Triston,Foreman,72,female,Tris.FOREM1276@live.com,80.107.207.100
Dwayne,Carney,12,male,Dwa.CARNE3430@yahoo.com,147.246.144.15
Isai,Briggs,50,female,Isai.BRIG2431@mail2web.com,214.173.74.59
Yazmin,Rojas,43,male,Yaz.ROJ8384@yahoo.com,64.80.128.54
Mariyah,Hill,34,male,Mariyah.HILL3419@yahoo.com,216.235.11.172
Damon,Burke,8,male,Da.BUR7695@yahoo.com,46.2.20.8
Callum,Meyer,38,male,Callum.ME1327@yahoo.com,139.86.3.63
Nathanael,Owen,58,male,Nathana.OW5978@hushmail.com,18.46.192.134
Alaina,Nixon,84,male,Alai.NI8259@mail2web.com,29.210.28.209
Grace,Mitchell,36,male,Gr.MITCHE3456@hushmail.com,139.208.129.13
Vanessa,Mullen,84,female,Van.MULL3516@live.com,2.208.125.23
Lillianna,Weaver,44,female,Lillia.WEAV4224@mail2web.com,156.12.209.216
Christine,Reid,56,female,Christine.REI7839@yahoo.com,39.53.33.180
Rolando,Cleveland,35,female,Rola.CLEVEL4053@mail2web.com,221.210.94.3
Ryleigh,Merritt,35,male,Ryleig.MERRIT9353@live.com,69.137.65.148
Ivy,Tillman,52,female,I.TILLM3708@hushmail.com,218.16.57.242
Sarai,Villarreal,75,male,Sarai.VILLARREA1423@gmail.com,86.170.99.48
Jonas,Dunn,29,male,Jo.DU7583@mail2web.com,11.241.72.113
Jack,Key,3,male,Ja.KEY1802@gmail.com,73.185.175.8
Flynn,Velazquez,63,female,Fl.VELAZQUE9463@yahoo.com,29.146.210.138
Legend,Workman,54,female,Leg.WORKMA6809@mail2web.com,41.120.174.227
Prince,Dale,65,male,Prin.DAL5423@yahoo.com,154.131.24.114
Ember,Park,43,female,Ember.PA1510@mail2web.com,94.136.113.18
Temperance,Burks,28,male,Temperanc.BU3958@gmail.com,42.242.51.37
Zoe,Bryan,48,female,Zoe.BRYAN8231@yahoo.com,84.18.249.35
Corbin,Donaldson,72,female,Cor.DONALDSON3072@gmail.com,54.107.142.123
Brenda,Dotson,18,female,Bren.DOTSON3490@yahoo.com,109.148.240.76
Rayne,Hicks,16,female,Rayn.HICKS5118@yahoo.com,219.189.232.92
Miley,Doyle,54,female,Mile.DOY9230@live.com,145.138.157.104
Vihaan,Blake,48,female,Viha.BL5976@gmail.com,176.93.30.180
Conner,Poole,27,female,Conn.POO2995@gmail.com,206.187.102.49
Jaden,Serrano,4,male,Ja.SERR7524@mail2web.com,185.98.208.178
Alejandra,Mosley,63,female,Alejandra.MOSLE5600@mail2web.com,58.233.18.172
Maximilian,Albert,4,male,Maximi.ALBE3950@mail2web.com,195.58.50.9
Jaelynn,Burks,29,male,Jae.BUR2264@live.com,57.207.174.109
Raul,Murray,60,male,Rau.MURRAY9367@mail2web.com,207.81.103.119
Yesenia,Munoz,32,male,Yeseni.MUN5776@mail2web.com,39.95.158.113
Samantha,Knapp,26,female,Sama.KNAP2766@gmail.com,222.167.130.209
Natasha,Lester,24,male,Natash.LESTE5822@live.com,194.190.237.99
Amari,Herman,24,female,Amari.HERMA8033@mail2web.com,82.78.25.79
Andrew,Shepherd,64,male,Andre.SHEPHERD1200@mail2web.com,162.206.183.203
Deandre,Sanchez,80,female,Deandr.SANC8520@live.com,201.76.102.163
Bryleigh,Barron,41,male,Bryle.BARRO7463@live.com,158.122.193.28
Jocelynn,Fulton,8,female,Joce.FULTO1294@hushmail.com,143.38.54.202
Mohammad,Sargent,36,male,Mohammad.SARGE4064@live.com,130.231.220.24
Rylen,Mack,16,female,Rylen.MA7314@live.com,155.170.188.13
Amara,Buckner,14,male,Amar.BUC2626@gmail.com,174.165.182.46
Arielle,Giles,9,male,Arielle.GILES4986@mail2web.com,184.160.147.80
Emersyn,Vang,77,male,Emers.VAN3167@gmail.com,216.134.243.110
Annalise,Hartman,4,male,Annalis.HART7770@live.com,49.124.234.156
Raul,Hyde,14,male,Raul.HYD3797@live.com,43.89.189.121
Madelyn,Lewis,33,male,Madely.LEWI7507@live.com,190.65.88.224
Krish,Guzman,73,male,Kris.GUZM5773@gmail.com,21.130.160.85
Bruno,Shepherd,54,female,Bruno.SHEPHE9885@live.com,107.150.122.122
Emiliano,Callahan,45,female,Emili.CALLAHAN4216@hushmail.com,79.195.78.90
Esme,Deleon,85,male,Esm.DELEO2276@live.com,137.145.37.205
Arely,Fuentes,34,female,Arely.FUENT8949@gmail.com,108.165.10.141
Malachi,Head,11,male,Mal.HEAD1527@live.com,107.167.206.85
Hayley,Kirby,53,male,Hay.KIRB9762@live.com,37.234.114.102
Channing,Frazier,32,male,Channing.FRAZI6071@hushmail.com,115.154.72.22
Lindsey,Eaton,72,female,Linds.EATON2096@mail2web.com,126.158.217.206
Bridget,Jacobson,40,male,Bridg.JACOB5004@mail2web.com,24.103.202.186
Alberto,Alvarado,40,male,Alb.ALVA3783@live.com,54.43.110.116
Abbie,Decker,11,female,Abbie.DECK7400@yahoo.com,214.125.37.247
Donovan,Travis,56,female,Don.TRAV8798@hushmail.com,44.100.143.195
Kayden,Reilly,28,male,Kayd.REILLY1867@yahoo.com,161.100.9.167
Augustus,Brock,77,male,Augus.BRO2940@yahoo.com,187.190.74.203
Carlee,Hayes,20,male,Car.HAYES6434@mail2web.com,76.170.68.161
Camryn,Espinoza,63,male,Cam.ESPI7347@hushmail.com,124.189.35.97
Lailah,Irwin,54,male,Lailah.IRWIN5813@yahoo.com,137.238.67.183
Mattie,George,6,male,Mattie.GEO8899@yahoo.com,165.138.88.101
Jaxon,Lopez,59,male,Ja.LO9603@yahoo.com,171.26.254.106
Ronan,Myers,64,male,Rona.MYERS3655@hushmail.com,205.37.110.218
Kylee,Paul,50,female,Kyle.PAUL5393@gmail.com,78.96.11.139
Quentin,Kramer,2,male,Que.KRAMER3930@gmail.com,7.208.129.58
Pamela,Hobbs,15,male,Pame.HOBB9907@hushmail.com,126.135.44.229
Reuben,Buckner,61,male,Reub.BUCKNER3005@live.com,59.199.86.132
Adonis,Nguyen,76,male,Adonis.NGU1757@hushmail.com,86.229.149.212
Kinley,Davis,53,male,Kin.DAV2140@live.com,144.58.93.18
Danielle,Williamson,52,female,Daniell.WILLI5998@hushmail.com,59.103.44.191
Giovanny,Rosa,14,female,Giovan.RO6197@gmail.com,118.3.40.0
Oscar,Morton,70,female,Osc.MORTO8227@gmail.com,28.237.49.50
Zoe,Dillard,51,male,Zoe.DIL8457@hushmail.com,145.118.44.178
Dwayne,Vance,34,female,Dwayne.VANCE1159@live.com,144.121.81.162
Aniya,Cain,26,female,Aniya.CA4922@gmail.com,190.179.4.125
Kristen,Sweet,83,female,Kristen.SWEE5375@yahoo.com,207.82.158.37
Dustin,Dillard,43,male,Dus.DIL8844@yahoo.com,218.194.208.105
Demetrius,Blackwell,54,male,Demetrius.BLACKWEL5676@mail2web.com,119.113.127.17
Quinn,Campos,81,female,Quin.CAMPO5835@gmail.com,128.132.96.224
Lauren,Howe,46,male,Laur.HOW6533@live.com,30.126.26.37
Ahmad,Nguyen,65,female,Ahma.NGUY3454@live.com,80.136.89.171
Kendyl,Pickett,56,female,Kend.PICK4135@mail2web.com,217.196.123.148
Marc,Beach,3,male,Ma.BEA1404@mail2web.com,37.151.16.84
Lyric,Randolph,69,male,Lyr.RAND4568@mail2web.com,148.86.7.172
Maurice,Mcbride,74,female,Mauric.MCB8280@live.com,107.122.137.40
Cassius,Phillips,63,male,Cassiu.PHILL3133@live.com,92.53.178.93
Arlo,Sawyer,48,male,Ar.SAW6026@live.com,134.244.113.19
Chase,Walter,59,female,Chase.WALTER1635@hushmail.com,16.186.4.159
Tabitha,James,4,female,Tabi.JAMES9395@live.com,211.197.31.45
Ryder,Head,27,female,Ryde.HEAD8130@mail2web.com,142.242.215.79
Kamden,Wynn,24,male,Kam.WYNN9747@yahoo.com,151.99.218.68
Raegan,Bruce,15,male,Raega.BRUC9646@yahoo.com,166.243.160.166
Darian,Faulkner,8,male,Dar.FAULKN3469@hushmail.com,117.67.34.13
Jamari,Moon,35,female,Jamari.MOON1699@mail2web.com,166.216.239.216
Frank,Ferguson,28,male,Fran.FERGUSO6466@live.com,55.250.78.186
Alfred,Gray,9,male,Alfr.GRA5023@gmail.com,178.186.162.68
Joaquin,Schmidt,43,male,Joa.SCH6914@yahoo.com,52.80.252.59
Alicia,Mcleod,57,female,Ali.MCLEOD7245@live.com,9.10.254.45
Callen,Mcclain,2,male,Calle.MCCLA6198@mail2web.com,51.74.86.102
Franklin,Newman,43,male,Franklin.NEWMA1850@live.com,149.12.132.90
Lukas,Donaldson,31,male,Lukas.DONALDSO1510@mail2web.com,9.69.77.211
Lauren,Cervantes,4,female,Lau.CERVA1875@yahoo.com,110.119.69.93
Charlee,Sweet,45,male,Charlee.SW3285@yahoo.com,55.65.248.239
Nayeli,Schmidt,46,male,Nay.SCHMID7276@live.com,11.115.191.160
Jazlynn,Valdez,63,male,Jazly.VALDE6384@hushmail.com,96.61.16.149
Corbin,Roberts,2,male,Corbi.ROBERTS3293@hushmail.com,204.186.14.183
Gabriel,Gilmore,68,male,Gabri.GILM7533@yahoo.com,185.83.175.122
Makenna,Jenkins,14,male,Mak.JEN9331@gmail.com,72.88.59.52
Charity,Perkins,65,female,Char.PERKI3444@live.com,75.145.229.226
Tessa,Gonzales,56,male,Tess.GONZA8418@gmail.com,24.222.161.61
Fisher,Peters,62,female,Fishe.PETERS3674@live.com,72.201.160.20
Cassandra,Hobbs,42,female,Cassan.HOBB2721@mail2web.com,205.250.115.121
Trevon,Rodriguez,7,female,Trevo.RODR4480@hushmail.com,48.251.39.174
Delaney,Chavez,38,female,Del.CHA4644@live.com,87.53.107.82
Abbie,Nunez,49,female,Abb.NUNEZ2468@gmail.com,59.149.140.46
Kinsley,Fry,84,female,Kin.FR8079@mail2web.com,132.56.223.180
Seth,Clayton,83,female,Se.CLAYTON2332@live.com,148.217.89.117
Layton,Daniel,61,female,Layton.DAN7918@hushmail.com,173.37.182.76
Kaelyn,Rich,58,male,Kae.RIC4797@gmail.com,161.20.124.88
Jocelyn,Lawson,10,male,Joc.LAW2421@yahoo.com,42.249.65.193
Marlon,Hubbard,10,male,Marlo.HUB4271@yahoo.com,142.77.203.39
Conrad,Atkins,66,male,Con.ATKIN8366@gmail.com,188.236.113.176
Gwyneth,Dixon,73,female,Gwyneth.DIXON4675@live.com,77.163.10.148
Cailyn,Mcleod,9,male,Caily.MCL6859@hushmail.com,51.253.199.66
Brysen,Schultz,20,male,Bry.SCHU7138@mail2web.com,177.148.8.205
Chase,Brewer,53,male,Ch.BREWE8113@yahoo.com,80.187.71.163
Johnathan,Adkins,74,male,John.ADK2806@yahoo.com,57.187.62.229
Arlo,Leon,76,female,Ar.LE7294@mail2web.com,65.58.51.56
Nasir,Cotton,68,female,Nas.COT2699@yahoo.com,220.113.223.202
Sonny,Oneal,66,male,Son.ONE3591@yahoo.com,180.42.125.220
Jemma,Dudley,41,female,Jemm.DUDL6794@mail2web.com,91.220.227.106
Elsa,Ortiz,28,female,El.ORTIZ4823@gmail.com,22.19.92.222
Baylee,Howe,20,male,Bayl.HOW5306@live.com,15.33.99.150
Cole,Hewitt,15,male,Cole.HEWI5178@gmail.com,63.2.214.158
Judith,Oneil,54,male,Judi.ONEI4923@hushmail.com,134.164.188.76
Kenny,Britt,6,female,Ke.BR5416@live.com,47.127.3.194
Emilia,Buck,32,male,Emil.BUCK3779@live.com,96.53.142.31
Aisha,Clemons,53,male,Ais.CLE3120@mail2web.com,159.159.63.62
Donte,Middleton,77,female,Dont.MIDDLE6986@mail2web.com,79.85.153.52
Jaime,Winters,56,male,Jai.WINT6713@live.com,166.197.163.204
Ali,Cochran,27,male,A.COCHRAN5491@live.com,96.127.101.203
Ramon,Hopper,21,male,Ra.HOPPER5348@hushmail.com,73.4.9.140
Leona,Guerrero,39,male,Leon.GUER9892@mail2web.com,208.139.192.69
Eleanor,Glenn,57,male,Ele.GLE5974@yahoo.com,62.89.114.143
Ellen,Bradley,68,male,El.BRA3909@live.com,164.26.72.175
Taylor,Best,33,female,Taylo.BE9608@mail2web.com,138.3.43.4
Alondra,Butler,77,male,Alond.BUT4703@yahoo.com,109.199.134.227
Isabel,Wolfe,55,male,Isa.WOLFE1188@yahoo.com,47.218.170.104
Scarlet,Howard,66,male,Sca.HOWAR9686@hushmail.com,21.168.113.156
Jesse,Madden,18,female,Jess.MAD3731@gmail.com,40.105.234.91
Amelia,Lott,67,female,Amel.LOT2493@gmail.com,40.13.44.215
Amber,Harding,9,male,Ambe.HARDI1125@yahoo.com,111.62.63.24
Jaylon,Kaufman,72,male,Jay.KAUF7723@live.com,117.83.127.16
Brenton,Merrill,83,female,Brent.MERR8631@yahoo.com,62.128.160.175
Edgar,Gibbs,83,male,Edgar.GIB1221@hushmail.com,47.109.251.10
Brennan,Shaw,44,male,Brenn.SH9425@hushmail.com,51.12.11.221
Kade,Gallegos,28,female,Kade.GALL3710@mail2web.com,164.31.135.246
Maia,Massey,8,male,Maia.MASSEY2824@yahoo.com,180.230.95.119
Walter,Hayden,41,male,Walter.HAYDE1116@gmail.com,23.146.128.168
Giancarlo,Ballard,14,male,Gian.BAL2896@live.com,216.89.120.173
Linda,Savage,63,male,Linda.SAV6142@gmail.com,184.41.147.8
Deandre,Mays,59,male,Deand.MAY3511@yahoo.com,120.133.18.22
Axel,Whitney,71,male,Axe.WHITNEY8281@live.com,222.161.133.105
Dorothy,Whitney,55,female,Doro.WHI1520@yahoo.com,83.104.81.64
Reuben,Sosa,13,male,Reube.SOSA5636@mail2web.com,138.242.174.210
Samson,Hunter,31,male,Sam.HUN8642@hushmail.com,160.79.217.136
Hadassah,Bolton,65,female,Hadassah.BOL2960@yahoo.com,144.104.129.109
Mariah,Fulton,19,female,Mariah.FULTO5320@mail2web.com,32.164.115.234
Brooklynn,Morin,79,female,Brookly.MOR1647@mail2web.com,34.100.149.24
Aryanna,Orr,29,female,Arya.O9645@yahoo.com,14.128.41.144
Grant,Best,80,male,Gra.BE6658@gmail.com,218.222.39.51
Bryan,Patton,37,male,Bryan.PATTON1084@gmail.com,104.14.56.189
Talon,Rhodes,66,female,Talo.RHODE8276@hushmail.com,95.90.248.75
Kymani,Heath,67,female,Kyma.HEAT7771@live.com,196.159.155.63
Breanna,Tucker,26,male,Bre.TUCKE3112@live.com,7.133.11.60
Kolton,Becker,75,male,Kol.BECKER9899@hushmail.com,133.68.170.39
Kade,Booker,59,male,Kade.BOO6813@live.com,142.87.200.15
Kyler,Boyle,64,male,Kyler.BOYLE8316@hushmail.com,71.187.248.189
Nadia,Jackson,65,female,Na.JACKSON4499@live.com,13.19.128.41
Brantley,Patrick,75,male,Brant.PATRIC6772@gmail.com,178.50.64.252
Tripp,Burton,7,female,Tri.BURTON7048@mail2web.com,132.1.164.123
Danielle,Clarke,82,male,Daniel.CLARKE7205@hushmail.com,37.114.236.78
Lindsay,Chambers,60,female,Lindsay.CHAMBER9708@gmail.com,38.25.25.70
Gilberto,Orr,30,male,Gilberto.OR2254@gmail.com,67.225.215.55
Rey,Everett,30,female,R.EVERE8444@yahoo.com,204.208.135.173
Iris,Kennedy,2,female,Iris.KENN7759@yahoo.com,146.16.214.77
Brody,Parsons,30,male,Brody.PARSO8184@live.com,156.206.206.103
Hamza,Carlson,36,male,Hamza.CARLSO5047@live.com,178.32.228.60
Uriah,Ray,76,female,Ur.RA8276@mail2web.com,33.215.5.202
Pearl,Stewart,24,female,Pe.STEW5348@hushmail.com,58.62.186.3
Ariel,Salazar,67,female,Ari.SALAZ5929@gmail.com,105.91.174.20
Kaleb,Schultz,28,female,Kale.SCHU3628@yahoo.com,92.226.231.164
Myra,Guthrie,39,male,Myra.GUTH5064@live.com,45.244.40.24
Moriah,Fernandez,57,female,Moria.FERNAND8093@mail2web.com,104.255.203.169
Camille,Chen,24,male,Camille.CHE8155@live.com,102.215.36.12
Jonah,Long,45,female,Jonah.LONG7558@live.com,40.207.235.41
Jaiden,Jimenez,1,female,Jai.JIM5591@live.com,46.210.63.34
Hope,Dawson,32,male,Ho.DAWSO6192@live.com,218.249.3.67
Aydin,Delaney,4,female,Aydi.DELAN3799@gmail.com,148.3.2.183
Remington,Johnson,6,female,Reming.JOHNSO7946@gmail.com,6.250.255.250
Branden,Gonzalez,19,male,Bra.GONZAL7171@hushmail.com,187.166.45.211
Caydence,Hickman,72,female,Cayd.HICK6312@gmail.com,211.208.188.49
Jazlynn,Sandoval,25,female,Jazlynn.SANDOVAL9030@live.com,46.61.4.49
Malik,Rocha,49,male,Mali.ROCH7586@gmail.com,55.170.17.69
Bethany,Gallegos,61,female,Bethany.GALLEG5292@hushmail.com,166.158.190.37
Kale,Singleton,52,male,Kale.SINGLETON6808@hushmail.com,106.80.181.46
Liv,Wilkerson,32,male,Liv.WILK9994@gmail.com,137.54.22.18
Jovanni,Cooper,9,male,Jova.COOPE2354@live.com,196.12.215.10
Keon,Collins,79,male,Keon.COL9569@live.com,218.103.219.57
Kira,Reese,8,female,Kira.REES9385@live.com,106.233.208.136
Reese,Moore,76,female,Ree.MOORE5099@live.com,146.160.125.73
Alisson,Clements,66,male,Alis.CLEMEN8495@hushmail.com,32.77.206.59
Leia,Klein,15,female,Le.KLEIN7507@live.com,12.102.232.135
Brielle,Raymond,73,male,Briell.RAYMON7197@hushmail.com,19.191.93.58
Selah,Jimenez,17,female,Se.JIMENE1002@live.com,71.95.160.132
Todd,Donovan,56,male,Todd.DONO8147@mail2web.com,53.250.203.148
Jayden,Marquez,28,male,Jayde.MAR7429@hushmail.com,66.163.219.203
Elyse,Lawson,13,female,Elyse.LAWS3925@gmail.com,69.54.169.222
Lara,Hodge,78,male,Lar.HO5689@yahoo.com,82.213.33.27
Nova,Howard,82,female,Nov.HOWAR3603@mail2web.com,141.196.181.146
Sofia,Johnson,80,female,Sofia.JOHN7445@hushmail.com,43.112.158.99
Tobias,Rodgers,53,female,Tobias.RODGER5244@hushmail.com,194.14.210.112
Nayeli,Patterson,8,male,Nay.PATT2001@mail2web.com,213.170.62.167
Bobby,Lancaster,63,female,Bob.LANCASTER6617@yahoo.com,191.250.75.94
Ayana,Daniel,83,female,Ayan.DANI1030@yahoo.com,119.80.205.115
Gage,Irwin,21,female,Gage.IRW2877@live.com,110.153.237.2
Moshe,Townsend,69,female,Mos.TOWNSEND8096@live.com,139.159.25.225
Micheal,Cole,78,male,Micheal.CO8227@yahoo.com,135.122.199.65
Avianna,Cain,78,female,Avian.CAIN8485@yahoo.com,47.11.223.46
Mekhi,Kane,54,female,Mekh.KA3899@live.com,74.86.51.229
Izaiah,Christian,68,male,Izaiah.CHRISTIA8013@mail2web.com,214.93.43.235
Jett,Hewitt,32,female,Jett.HEWIT2100@mail2web.com,92.63.105.120
Erica,Randall,20,male,Eric.RAND7779@mail2web.com,96.43.138.4
Reagan,Marshall,37,female,Rea.MARS1742@gmail.com,190.177.76.28
Yaretzi,Pacheco,2,male,Yar.PACH6546@hushmail.com,58.213.16.37
Paloma,Mitchell,19,female,Paloma.MITCHELL7794@yahoo.com,26.117.25.248
Maeve,Duffy,17,female,Maeve.DUF1278@mail2web.com,61.216.54.175
Jagger,Sheppard,83,male,Jagge.SHEPPAR8835@gmail.com,104.64.126.226
Giancarlo,Dejesus,40,female,Gian.DEJESU3781@mail2web.com,85.40.87.101
Jewel,Evans,65,male,Jew.EVAN1102@hushmail.com,140.36.64.180
Lindsey,Marks,28,male,Lind.MA2382@mail2web.com,160.50.242.116
Jazlyn,Austin,5,female,Jazl.AUS2813@hushmail.com,22.57.20.44
Ramon,Huffman,78,male,Ram.HUFFM3218@mail2web.com,129.173.20.137
Walker,Reeves,85,female,Walke.REE4014@gmail.com,82.29.251.159
Alec,Tyson,52,female,Alec.TY5140@live.com,81.231.155.102
Mara,Lynch,57,male,Mar.LY2969@yahoo.com,182.232.198.197
Jonathon,Herring,74,female,Jona.HERRI5640@gmail.com,96.73.81.16
Adelyn,Thompson,83,male,Adel.THOMP5155@live.com,96.171.89.137
Hendrix,Simmons,51,male,Hendri.SIMMON1624@gmail.com,190.105.208.68
Elise,Barlow,44,female,Elise.BARL8537@hushmail.com,207.14.116.220
Annabel,Valdez,8,female,Annabe.VALDE1746@hushmail.com,37.205.196.147
Isaac,Porter,5,female,Isa.PORTER8731@hushmail.com,35.89.158.178
River,Gray,19,male,Ri.GRAY1969@live.com,107.21.11.14
Eva,Copeland,20,female,Eva.COPELAN7464@live.com,200.76.36.221
Korbin,Woodard,53,male,Kor.WOODA3100@mail2web.com,209.57.153.220
Karter,Gilbert,47,male,Karte.GILBE4759@mail2web.com,89.163.254.42
Julianna,Bryan,84,male,Juli.BRYAN9263@mail2web.com,159.67.43.249
Steve,William,64,male,St.WILL5769@yahoo.com,180.4.26.253
Myah,Tillman,60,female,Myah.TILLM2682@hushmail.com,209.194.130.131
Raelyn,Vance,84,male,Rae.VAN1365@live.com,115.114.4.234
Eva,Pruitt,57,female,Ev.PRUITT2586@mail2web.com,206.26.143.194
Dakota,Schmidt,48,female,Dako.SCHM8870@hushmail.com,62.79.132.184
Ahmed,Keller,28,male,Ahmed.KEL3448@hushmail.com,122.80.3.183
Brendon,Gallegos,32,female,Brend.GALLE1123@mail2web.com,26.220.58.142
Alejandra,Jenkins,25,female,Alej.JENK5945@gmail.com,220.15.165.167
Kian,Casey,26,female,Kian.CASE1578@mail2web.com,148.224.103.147
Arnav,Logan,57,female,Ar.LOG5627@yahoo.com,185.255.140.210
Kamryn,Kramer,56,female,Kamryn.KRAM4131@gmail.com,8.86.127.208
Nathaniel,Gillespie,39,female,Nathaniel.GILL5602@hushmail.com,135.57.193.156
Juliet,Sandoval,23,female,Julie.SAND6695@yahoo.com,30.163.122.84
Madilynn,Marquez,85,female,Madil.MARQU6161@gmail.com,25.158.239.142
Juliette,Butler,28,male,Juliett.BUT1280@mail2web.com,119.240.254.181
Myles,Bowman,60,female,Myl.BOWMA9300@gmail.com,187.187.19.225
Jaylynn,Newton,51,male,Jayl.NEWT1091@hushmail.com,154.243.201.106
Terry,Walsh,41,male,Te.WAL3416@gmail.com,138.8.16.51
Kennedy,Griffith,70,female,Kenne.GRIFFITH5951@hushmail.com,82.196.119.178
Macy,Vazquez,29,female,Ma.VAZQUEZ8794@gmail.com,61.87.255.201
Nevaeh,Norman,13,male,Nev.NOR5768@mail2web.com,99.81.32.57